fdc_id;name;category;protein;phe;phe_source;fat;carbs;energy
321360;Помидоры виноградные;Овощи;0,83;20,8;calculated;0,63;5,51;27,0
169143;Фасоль сухая;Бобовые;1,05;38,0;original;0,41;4,19;21,0
168596;Орехи миндаль обжаренные;Орехи и семена;21,00;1120,0;original;52,50;21,00;598,0
168421;Капуста;Овощи;2,92;150,0;original;1,49;4,42;35,0
172204;Яйцо;Яйца;81,10;4740,0;original;0,00;7,80;382,0
173431;Сыр пармезан;Сыры;37,90;2230,0;original;27,30;3,41;415,0
170853;Сыр американский d;Сыры;18,10;939,0;original;30,70;4,78;366,0
169932;Персики;Фрукты;4,89;154,0;original;1,03;83,20;325,0
168593;Ядра подсолнечника обжаренные;Орехи и семена;20,10;1030,0;original;51,30;22,90;592,0
172826;Хлеб;Яйца;9,00;444,0;original;4,00;54,40;293,0
168153;Киви;Фрукты;1,14;44,0;original;0,52;14,70;61,0
169914;Нектарины;Фрукты;1,06;21,0;original;0,32;10,60;44,0
170899;Сыр чеддер;Сыры;24,20;1260,0;original;33,80;2,13;410,0
173417;Сыр творожный молока;Сыры;12,40;668,0;original;1,02;2,72;72,0
170900;Сыр моцарелла низкой влажности;Сыры;23,60;1230,0;original;19,70;8,06;304,0
173428;Яйцо желток;Яйца;33,60;1470,0;original;59,10;0,66;669,0
330137;Йогурт греческий;Яйца;10,30;513,0;original;0,37;3,64;61,0
168567;Помидоры;Овощи;14,10;366,0;original;2,97;55,80;258,0
174199;Рыба пикша;Рыба и морепродукты;25,20;985,0;original;0,96;0,00;116,0
333476;Рыба минтай;Рыба и морепродукты;12,30;510,0;original;0,41;0,00;56,0
175157;Рыба тунец сухая;Рыба и морепродукты;26,50;1040,0;original;8,08;0,00;186,0
170393;Морковь;Овощи;0,93;61,0;original;0,24;9,58;41,0
171251;Сыр швейцарский;Сыры;27,00;1660,0;original;31,00;1,44;393,0
174665;Инжир;Фрукты;3,30;76,0;original;0,93;63,90;249,0
169092;Дыни дыня;Фрукты;0,84;23,0;original;0,19;8,16;34,0
746771;Апельсины пупки;Фрукты;0,91;51,0;original;0,15;11,80;47,0
746773;Груши бартлетт;Фрукты;0,38;13,0;original;0,16;15,10;57,0
170877;Молоко;Молочные продукты;36,20;1750,0;original;0,77;52,00;362,0
747447;Брокколи;Овощи;2,57;117,0;original;0,34;6,27;31,0
747997;Яичный белок;Яйца;10,70;726,0;original;0,00;2,36;55,0
748236;Яичный желток;Яйца;16,20;673,0;original;28,80;1,02;334,0
2710154;Масло;Другое;0,85;25,5;calculated;82,20;0,06;743,0
748967;Яйца;Яйца;12,40;660,0;original;9,96;0,96;148,0
168894;Мука пшеничная;Крупы и макароны;10,30;520,0;original;0,98;76,30;364,0
790146;Мука хлебная;Крупы и макароны;14,30;715,0;calculated;1,65;72,80;363,0
169714;Мука рисовая;Крупы и макароны;5,95;317,0;original;1,42;80,10;366,0
790276;Мука кукурузная;Крупы и макароны;6,20;186,0;calculated;1,74;80,80;364,0
790508;Сливочное масло;Другое;0,00;25,0;original;82,20;0,00;0,0
170075;Лук;Овощи;21,20;682,0;original;3,50;64,30;311,0
169230;Чеснок;Овощи;6,36;183,0;original;0,50;33,10;149,0
1104705;Мука соевая;Бобовые;51,10;2860,0;original;3,33;32,90;366,0
1104812;Мука ​​рис;Крупы и макароны;7,19;215,7;calculated;3,85;75,50;365,0
1104867;Мука рисовая клейкая;Крупы и макароны;6,69;200,7;calculated;1,16;80,10;358,0
1104913;Мука кондитерская;Крупы и макароны;8,75;262,5;calculated;1,64;77,20;358,0
173944;Бананы;Фрукты;1,09;49,0;original;0,33;22,80;89,0
173931;Яблоки;Фрукты;1,32;37,0;original;0,58;93,50;346,0
1999626;Гриб львиная грива;Овощи;2,50;703,0;original;0,26;7,59;0,0
1999627;Гриб устрица;Рыба и морепродукты;2,90;989,0;original;0,19;6,94;0,0
1999628;Грибы шиитаке;Овощи;2,41;787,0;original;0,20;8,17;0,0
1999629;Грибы кнопка;Яйца;2,89;1120,0;original;0,37;4,08;0,0
1999630;Молоко соевое;Бобовые;3,55;175,0;original;2,12;1,29;0,0
2257045;Миндальное молоко;Орехи и семена;0,66;43,0;original;1,56;0,67;0,0
168463;Шпинат;Овощи;2,97;134,0;original;0,26;3,75;23,0
1999634;Помидор;Овощи;0,70;17,4;calculated;0,42;3,84;0,0
2003586;Мука;Крупы и макароны;11,40;342,0;calculated;1,52;74,40;0,0
2003587;Мука полбяная;Крупы и макароны;14,50;435,0;calculated;2,54;70,70;0,0
2003588;Мука манная;Крупы и макароны;11,70;351,0;calculated;1,60;73,80;0,0
2257044;Соевое молоко;Бобовые;2,78;157,0;original;1,96;3,00;0,0
2257046;Овсяное молоко;Растительное молоко;0,80;72,0;original;2,75;5,10;0,0
2258586;Морковь зрелая;Овощи;0,94;23,5;calculated;0,35;10,30;0,0
2258590;Перец болгарский;Овощи;0,90;22,4;calculated;0,13;6,65;0,0
2259792;Пахта;Яйца;3,46;173,0;calculated;1,08;4,81;0,0
2261420;Мука ​​миндальная;Крупы и макароны;26,20;1179,0;calculated;50,20;16,20;0,0
169741;Мука овсяная;Крупы и макароны;14,70;441,0;calculated;9,12;65,70;404,0
2262075;Семена льна;Орехи и семена;18,00;1120,0;original;37,30;34,40;0,0
2346384;Творог;Молочные продукты;11,60;580,0;calculated;4,22;4,60;0,0
2346385;Сливочный сыр;Сыры;5,79;289,5;calculated;33,50;4,56;0,0
2346389;Салат-латук;Овощи;0,98;24,4;calculated;0,07;4,06;0,0
2346392;Орехи кедровые;Орехи и семена;15,70;593,0;original;61,30;18,60;0,0
2346393;Миндаль;Орехи и семена;21,50;1200,0;original;51,10;20,00;0,0
2346394;Орехи грецкие;Орехи и семена;14,60;607,0;original;69,70;10,90;0,0
2346395;Орехи пекан;Орехи и семена;9,96;462,0;original;73,30;12,70;0,0
169124;Ананас;Фрукты;0,54;21,0;original;0,12;13,10;50,0
2346399;Вишня;Фрукты;1,04;26,0;calculated;0,19;16,20;0,0
2346402;Картофель;Овощи;2,06;51,5;calculated;0,25;16,30;0,0
169989;Сельдерей;Овощи;0,83;24,0;original;0,16;4,00;18,0
169225;Огурец;Овощи;0,59;31,0;original;0,16;2,16;10,0
167762;Клубника;Ягоды;0,67;19,0;original;0,30;7,68;32,0
168997;Малина;Ягоды;1,12;33,6;calculated;0,28;13,80;62,0
171711;Черника;Ягоды;0,74;26,0;original;0,33;14,50;57,0
2346412;Виноград;Ягоды;0,91;22,9;calculated;0,16;20,20;0,0
171696;Яблочное пюре;Фрукты;0,16;5,0;original;0,17;17,50;68,0
2512371;Мука ​​амарант;Крупы и макароны;13,20;396,0;calculated;6,24;68,80;0,0
2512372;Мука ​​киноа;Крупы и макароны;11,90;357,0;calculated;6,60;69,50;0,0
2512373;Мука ​​сорго;Крупы и макароны;8,27;248,1;calculated;3,59;77,40;0,0
2512374;Мука ​​гречневая;Крупы и макароны;8,88;266,4;calculated;2,48;75,00;0,0
2512375;Мука ​​ржаная;Крупы и макароны;8,40;252,0;calculated;1,91;77,20;0,0
2512376;Мука ​​ячневая;Крупы и макароны;8,72;261,6;calculated;2,45;77,40;0,0
2512377;Мука ​​маниока;Крупы и макароны;0,92;27,5;calculated;0,49;87,30;0,0
170286;Гречка;Крупы и макароны;13,20;520,0;original;3,40;71,50;343,0
169702;Просо;Крупы и макароны;11,00;580,0;original;4,22;72,80;378,0
169756;Рис длиннозерный;Крупы и макароны;7,13;381,0;original;0,66;80,00;365,0
2515373;Орехи бразильские;Орехи и семена;15,00;675,0;calculated;57,40;21,60;0,0
170162;Орехи кешью;Орехи и семена;18,20;951,0;original;43,80;30,20;553,0
170583;Орехи фундук;Орехи и семена;15,00;667,0;original;62,40;17,60;646,0
2707515;Арахис;Орехи и семена;28,00;1260,0;calculated;52,50;15,30;599,0
2515377;Мука ​​каштановая;Крупы и макароны;5,29;238,1;calculated;4,64;80,50;0,0
170178;Орехи макадамия;Орехи и семена;7,91;665,0;original;75,80;13,80;718,0
169426;Орехи фисташки;Орехи и семена;21,00;1140,0;original;45,80;27,60;569,0
2515380;Семена тыквы;Орехи и семена;29,90;1345,5;calculated;40,00;18,70;0,0
2515381;Семена подсолнечные;Орехи и семена;18,90;850,5;calculated;48,40;24,50;0,0
2515382;Мука ​​кокосовая;Крупы и макароны;16,10;724,5;calculated;15,30;58,90;0,0
2644282;Нут;Бобовые;21,30;958,5;calculated;6,27;60,40;0,0
172420;Чечевица;Бобовые;24,60;1220,0;original;1,06;63,40;352,0
170419;Горошек;Бобовые;5,42;200,0;original;0,40;14,40;81,0
170886;Йогурт;Молочные продукты;5,25;286,0;original;1,55;7,04;63,0
170850;Сыр проволоне;Сыры;25,60;1290,0;original;26,60;2,14;351,0
175167;Рыба лосось;Рыба и морепродукты;20,40;845,0;original;13,40;0,00;208,0
2684442;Рыба тилапия;Рыба и морепродукты;19,00;950,0;calculated;2,48;0,00;0,0
2684443;Ракообразные креветки;Рыба и морепродукты;15,60;780,0;calculated;0,80;0,48;0,0
2684444;Рыба треска;Рыба и морепродукты;16,10;805,0;calculated;0,67;0,00;0,0
2684445;Рыба сом;Рыба и морепродукты;16,50;825,0;calculated;7,31;0,00;0,0
2684446;Ракообразные крабовые;Рыба и морепродукты;18,60;930,0;calculated;0,81;0,00;0,0
2685568;Кабачки;Овощи;0,98;24,6;calculated;0,20;3,27;0,0
2685572;Капуста бок-чой;Овощи;1,02;25,5;calculated;0,23;3,51;0,0
169390;Цветная капуста;Овощи;3,04;108,0;original;0,31;6,28;32,0
169972;Брюссельская капуста;Овощи;3,78;110,0;original;0,41;7,86;41,0
169145;Свекла;Овощи;1,61;46,0;original;0,17;9,56;43,0
169228;Баклажаны;Овощи;0,98;43,0;original;0,18;5,88;25,0
2685578;Помидоры целые;Овощи;0,87;21,7;calculated;0,21;4,29;0,0
2685582;Помидоры пюре;Овощи;1,58;39,5;calculated;0,27;8,04;0,0
2709197;Абрикос;Фрукты;3,39;84,8;calculated;0,51;62,60;241,0
169911;Дыни;Фрукты;0,54;15,0;original;0,14;9,09;36,0
170554;Чиа;Орехи и семена;16,50;1020,0;original;30,70;42,10;486,0
170688;Булгур;Крупы и макароны;12,30;580,0;original;1,33;75,90;342,0
169726;Рис;Крупы и макароны;14,70;721,0;original;1,08;74,90;357,0
169387;Руккола;Овощи;2,58;64,5;calculated;0,66;3,65;25,0
169208;Спаржа;Овощи;3,23;76,0;original;0,23;4,10;24,0
2710824;Авокадо;Овощи;1,81;45,2;calculated;20,30;8,32;0,0
2710838;Рис необогащенный;Крупы и макароны;8,56;256,8;calculated;3,44;76,20;0,0
2710832;Мандарин;Фрукты;1,04;26,0;calculated;0,46;13,40;0,0
2710833;Манго;Фрукты;0,56;14,1;calculated;0,57;15,30;0,0
2710835;Кукурузная мука;Крупы и макароны;7,56;378,0;calculated;4,34;76,70;0,0
2710836;Груша;Фрукты;0,31;7,8;calculated;0,37;14,80;0,0
2709265;Слива;Ягоды;0,70;17,5;calculated;0,28;11,40;46,0
2710839;Сорго;Крупы и макароны;11,20;560,0;calculated;9,26;68,70;0,0
2710840;Мука сорго перловая;Крупы и макароны;10,20;510,0;calculated;3,24;73,50;0,0
2709273;Ежевика;Ягоды;1,39;41,7;calculated;0,49;9,61;43,0
2727584;Лук-порей;Овощи;1,47;36,8;calculated;0,00;0,00;0,0
2727585;Лук зеленый;Овощи;0,67;16,7;calculated;0,00;0,00;0,0
2727586;Лук-шалот;Овощи;1,38;34,5;calculated;0,00;0,00;0,0
171273;Молоко;Молочные продукты;35,50;1710,0;original;0,20;51,80;354,0
2705389;Молоко;Молочные продукты;3,38;135,2;calculated;0,95;5,18;43,0
2705390;Молоко безлактозное;Молочные продукты;3,43;137,2;calculated;0,08;4,92;34,0
2705394;Кефир;Молочные продукты;3,59;143,6;calculated;0,96;7,48;52,0
2705395;Козье молоко;Молочные продукты;3,56;160,2;calculated;4,14;4,45;69,0
171275;Молоко сгущенное;Молочные продукты;7,91;382,0;original;8,70;54,40;321,0
2705403;Молоко немолочное;Молочные продукты;1,14;45,6;calculated;1,60;3,04;31,0
2705411;Рисовое молоко;Молочные продукты;0,28;11,2;calculated;0,97;9,17;47,0
2705413;Кокосовое молоко;Молочные продукты;0,21;9,4;calculated;2,08;2,92;31,0
2705415;Йогурт греческий;Молочные продукты;9,11;364,4;calculated;1,33;10,80;91,0
2705470;Шоколадное молоко;Молочные продукты;3,46;138,4;calculated;1,11;10,20;64,0
2705472;Горячий шоколад/какао;Молочные продукты;1,82;72,8;calculated;1,04;13,90;72,0
2705495;Клубничное молоко;Молочные продукты;3,20;128,0;calculated;2,06;8,54;65,0
2705501;Молоко солодовое;Молочные продукты;3,19;127,6;calculated;2,05;8,64;66,0
171283;Сыворотка;Яйца;12,90;407,0;original;1,07;74,50;353,0
2705587;Какао-порошок;Сладости;19,60;588,0;calculated;13,70;57,90;228,0
2705616;Сметана;Молочные продукты;3,10;155,0;calculated;0,00;15,60;74,0
172207;Сыр;Сыры;15,70;769,0;original;1,00;7,66;105,0
2705705;Сыр блю рокфор;Сыры;21,40;1070,0;calculated;28,70;2,34;353,0
172178;Сыр камамбер;Сыры;19,80;1100,0;original;24,30;0,46;300,0
172177;Сыр бри;Сыры;20,80;1160,0;original;27,70;0,45;334,0
173416;Сыр колби;Сыры;23,80;1250,0;original;32,10;2,57;394,0
173420;Сыр фета;Сыры;14,20;675,0;original;21,50;3,88;265,0
170843;Сыр фонтина;Сыры;25,60;1500,0;original;31,10;1,55;389,0
2705716;Сыр козий;Сыры;21,60;1080,0;calculated;29,80;0,12;364,0
2705717;Сыр гауда эдам;Сыры;24,90;1245,0;calculated;27,40;2,22;356,0
171242;Сыр грюйер;Сыры;29,80;1740,0;original;32,30;0,36;413,0
171243;Сыр лимбургер;Сыры;20,00;1120,0;original;27,20;0,49;327,0
170844;Сыр монтерей;Сыры;24,50;1290,0;original;30,30;0,68;373,0
2705725;Сыр моцарелла;Сыры;31,70;1585,0;calculated;0,00;3,50;141,0
171245;Сыр мюнстер;Сыры;23,40;1240,0;original;30,00;1,12;368,0
170848;Сыр пармезан;Сыры;35,80;1920,0;original;25,00;3,22;392,0
2705732;Сыр порт дю салют;Сыры;24,90;1245,0;calculated;27,40;2,22;356,0
2705739;Сыр чеддер;Сыры;24,40;1220,0;calculated;32,60;1,91;398,0
2705740;Сыр панир;Сыры;15,90;795,0;calculated;15,50;22,50;299,0
2705743;Сыр кесо аньехо;Сыры;21,40;1070,0;calculated;30,00;4,63;373,0
2705744;Сыр асадеро;Сыры;22,10;1105,0;calculated;22,10;2,40;297,0
2705746;Сыр котия;Сыры;23,80;1190,0;calculated;27,20;2,72;351,0
172179;Сыр творорожный;Сыры;11,10;577,0;original;4,30;3,38;98,0
2705750;Сыр рикотта;Сыры;9,60;480,0;calculated;9,46;6,00;148,0
2705755;Сыр Пуэрто-риканский;Сыры;18,90;945,0;calculated;23,40;2,96;298,0
2705769;Сливочный сыр;Сыры;15,70;785,0;calculated;1,00;7,66;105,0
171958;Рыба;Рыба и морепродукты;19,00;742,0;original;0,69;0,00;87,0
2706232;Рыба анчоусы;Рыба и морепродукты;28,90;1445,0;calculated;9,71;0,00;210,0
171952;Рыба карп;Рыба и морепродукты;17,80;696,0;original;5,60;0,00;127,0
2706236;Рыба сом;Рыба и морепродукты;19,30;965,0;calculated;9,80;0,00;171,0
2706242;Рыба треска;Рыба и морепродукты;19,40;970,0;calculated;2,79;0,00;108,0
2706246;Рыба горбыль;Рыба и морепродукты;19,90;995,0;calculated;8,17;7,79;189,0
2706247;Рыба угорь;Рыба и морепродукты;20,60;1030,0;calculated;17,10;7,79;273,0
174196;Рыба камбала;Рыба и морепродукты;12,40;508,0;original;1,93;0,00;70,0
169812;Рыба палтус;Рыба и морепродукты;22,10;885,0;original;2,73;0,00;113,0
2706261;Рыба сельдь;Рыба и морепродукты;20,10;1005,0;calculated;14,30;7,79;245,0
2706265;Рыба скумбрия;Рыба и морепродукты;25,40;1270,0;calculated;12,30;0,00;221,0
2706269;Рыба кефаль;Рыба и морепродукты;21,60;1080,0;calculated;8,82;7,79;202,0
2706296;Рыба окунь;Рыба и морепродукты;23,40;1170,0;calculated;4,80;0,00;143,0
2706276;Рыба щука;Рыба и морепродукты;21,50;1075,0;calculated;5,58;7,79;172,0
2706279;Рыба помпано;Рыба и морепродукты;23,40;1170,0;calculated;14,30;0,00;228,0
167642;Рыба лосось;Рыба и морепродукты;27,30;1140,0;original;5,76;0,00;161,0
2706303;Рыба форель;Рыба и морепродукты;24,80;1240,0;calculated;12,20;0,01;216,0
2706310;Рыба тунец;Рыба и морепродукты;30,30;1515,0;calculated;5,14;0,01;176,0
2706314;Рыба путассу;Рыба и морепродукты;23,20;1160,0;calculated;3,93;0,00;134,0
175176;Рыба тилапия;Рыба и морепродукты;20,10;810,0;original;1,70;0,00;96,0
168148;Лягушачьи лапки;Рыба и морепродукты;16,40;820,0;calculated;0,30;0,00;73,0
2706331;Осьминог;Рыба и морепродукты;13,20;660,0;calculated;13,00;13,40;226,0
2706332;Икра;Рыба и морепродукты;24,60;1230,0;calculated;17,90;4,00;264,0
2706333;Кальмары;Рыба и морепродукты;19,40;970,0;calculated;6,25;3,83;155,0
2706343;Моллюски;Рыба и морепродукты;18,30;915,0;calculated;1,20;4,46;108,0
2706344;Краб;Рыба и морепродукты;17,90;895,0;calculated;0,74;0,00;83,0
2706348;Раки;Рыба и морепродукты;20,20;1010,0;calculated;1,20;0,00;97,0
2706349;Омар;Рыба и морепродукты;20,90;1045,0;calculated;0,95;0,00;97,0
2706355;Устрицы;Рыба и морепродукты;7,67;383,5;calculated;2,68;4,25;74,0
2706366;Креветки;Рыба и морепродукты;51,00;2550,0;calculated;3,40;0,00;250,0
2706368;Эскаргот;Рыба и морепродукты;20,00;1000,0;calculated;6,91;2,48;158,0
2707176;Утиное яйцо;Яйца;12,00;600,0;calculated;18,60;1,36;224,0
2707177;Гусиное яйцо;Яйца;12,90;645,0;calculated;18,10;1,27;224,0
172191;Яйцо перепелиное;Яйца;13,00;737,0;original;11,10;0,41;158,0
2707297;Безе;Молочные продукты;7,17;286,8;calculated;0,04;75,30;324,0
2707347;Бобы;Бобовые;8,34;375,3;calculated;7,08;23,80;189,0
2707485;Миндаль;Орехи и семена;21,00;945,0;calculated;52,50;21,00;598,0
2707486;Миндаль необжаренный;Орехи и семена;21,40;963,0;calculated;51,10;20,00;626,0
2707488;Миндаль слабосоленый;Орехи и семена;20,20;909,0;calculated;53,70;20,30;604,0
2707489;Миндаль несоленый;Орехи и семена;20,30;913,5;calculated;54,00;20,40;607,0
2707492;Бразильские орехи;Орехи и семена;14,30;643,5;calculated;67,10;11,70;659,0
2707493;Кешью;Орехи и семена;15,30;688,5;calculated;46,40;32,70;574,0
2707494;Кешью нежареные;Орехи и семена;15,30;688,5;calculated;46,40;32,70;574,0
2707496;Кешью слабосоленые;Орехи и семена;14,80;666,0;calculated;47,70;31,60;581,0
2707497;Кешью несоленые;Орехи и семена;14,80;666,0;calculated;48,00;31,70;584,0
2707499;Каштаны;Орехи и семена;3,17;142,7;calculated;2,20;53,00;245,0
2707500;Кокос;Орехи и семена;3,33;149,8;calculated;33,50;15,20;354,0
2707502;Фундук;Орехи и семена;15,00;675,0;calculated;60,80;16,70;628,0
2707514;Арахис нежареный;Бобовые;25,80;1161,0;calculated;49,20;16,10;567,0
2707516;Арахис несоленый;Бобовые;28,00;1260,0;calculated;52,50;15,30;599,0
2707518;Арахис слабосоленый;Бобовые;24,20;1089,0;calculated;49,40;21,20;584,0
2707521;Пекан;Орехи и семена;9,96;448,2;calculated;73,30;12,70;750,0
2707522;Пекан нежареный;Орехи и семена;9,96;448,2;calculated;73,30;12,70;750,0
2707524;Пекан несоленый;Орехи и семена;9,66;434,7;calculated;74,10;12,30;754,0
2707526;Кедровые орехи;Орехи и семена;13,70;616,5;calculated;68,40;13,10;673,0
2707527;Фисташки;Орехи и семена;21,00;945,0;calculated;45,80;28,30;572,0
2707529;Фисташки слабосоленые;Орехи и семена;20,30;913,5;calculated;47,20;27,30;579,0
2707530;Фисташки несоленые;Орехи и семена;20,40;918,0;calculated;47,40;27,40;582,0
2707533;Миндальное масло;Орехи и семена;20,70;931,5;calculated;52,70;21,10;641,0
2707536;Масло кешью;Орехи и семена;12,10;544,5;calculated;53,00;30,30;609,0
172469;Арахисовое масло;Орехи и семена;24,10;1180,0;original;49,90;21,60;589,0
2707568;Кокосовое молоко;Молочные продукты;2,29;103,0;calculated;23,80;5,54;230,0
2707571;Кокос;Орехи и семена;1,17;52,6;calculated;16,30;53,20;357,0
2707581;Тыквянные семечки несоленые;Орехи и семена;29,80;1341,0;calculated;49,00;14,70;574,0
2707582;Семечки подсолнечника несоленые;Орехи и семена;19,30;868,5;calculated;49,80;24,10;582,0
2707583;Семечки подсолнечника;Орехи и семена;19,10;859,5;calculated;49,20;23,80;575,0
2707586;Семена Кунжута;Орехи и семена;20,40;918,0;calculated;61,20;11,70;631,0
2707587;Семена Тахини;Орехи и семена;19,70;886,5;calculated;62,40;14,20;697,0
2707588;Семена Льна;Орехи и семена;18,00;810,0;calculated;37,30;34,40;545,0
172687;Хлеб пшеничный;Хлеб и выпечка;13,00;315,0;original;4,27;55,80;313,0
174916;Лаваш;Хлеб и выпечка;9,80;470,0;original;1,71;55,90;262,0
174920;Хлеб ржаной;Хлеб и выпечка;9,10;457,0;original;2,90;40,50;203,0
172679;Хлеб овсяный;Хлеб и выпечка;9,20;450,0;original;4,80;52,70;292,0
2707789;Хлеб ячменный;Хлеб и выпечка;11,70;351,0;calculated;4,98;52,20;301,0
2707791;Хлеб соевый;Хлеб и выпечка;18,00;810,0;calculated;4,22;46,10;293,0
2707801;Бисквит;Хлеб и выпечка;7,08;212,4;calculated;18,90;42,80;370,0
2707811;Кукурузный хлеб;Хлеб и выпечка;6,55;196,5;calculated;9,80;42,90;287,0
2707816;Кукурузная лепешка;Хлеб и выпечка;3,50;105,0;calculated;4,31;39,70;214,0
2708294;Блины;Хлеб и выпечка;7,41;222,3;calculated;12,10;35,30;282,0
175039;Вафли простые;Хлеб и выпечка;7,90;395,0;original;14,10;32,90;291,0
2708336;Тост;Хлеб и выпечка;11,30;339,0;calculated;11,60;30,40;271,0
2708353;Лапша;Крупы и макароны;5,96;178,8;calculated;1,70;29,90;148,0
169742;Рисовая лапша;Крупы и макароны;5,95;317,0;original;0,56;80,20;364,0
2708361;Ячмень;Крупы и макароны;2,20;66,0;calculated;2,74;27,20;139,0
170685;Крупа гречневая;Крупы и макароны;11,70;461,0;original;2,71;75,00;346,0
168874;Киноа;Крупы и макароны;14,10;593,0;original;6,07;64,20;368,0
2708403;Рис;Крупы и макароны;2,67;133,5;calculated;0,28;28,00;129,0
2709164;Клементин;Фрукты;0,81;20,2;calculated;0,31;13,30;53,0
2709165;Грейпфрут;Фрукты;0,77;19,2;calculated;0,14;10,70;42,0
2709167;Кумкват;Фрукты;1,88;47,0;calculated;0,86;15,90;71,0
2709168;Лимон;Фрукты;1,10;27,5;calculated;0,30;9,32;29,0
2709170;Лайм;Фрукты;0,70;17,5;calculated;0,20;10,50;30,0
2709171;Апельсин;Фрукты;0,92;23,0;calculated;0,14;11,80;50,0
2709175;Мандарин;Фрукты;0,81;20,2;calculated;0,31;13,30;53,0
2709196;Яблоко;Фрукты;0,93;23,2;calculated;0,32;65,90;243,0
171719;Вишня;Ягоды;1,06;24,0;original;0,20;16,00;63,0
2709201;Смородина;Ягоды;3,43;85,8;calculated;0,22;77,00;290,0
171722;Клюква;Ягоды;0,46;36,0;original;0,13;12,00;46,0
169910;Манго;Фрукты;0,82;27,0;original;0,38;15,00;60,0
169926;Папайя;Фрукты;0,47;9,0;original;0,26;10,80;43,0
2709207;Персик;Фрукты;3,61;90,2;calculated;0,76;61,30;239,0
2709208;Груша;Фрукты;1,87;46,8;calculated;0,63;69,70;262,0
2709209;Хурма;Фрукты;1,54;38,5;calculated;0,66;96,10;374,0
2709211;Чернослив;Фрукты;2,18;54,5;calculated;0,38;63,90;240,0
2709212;Изюм;Фрукты;3,30;82,5;calculated;0,25;79,30;299,0
2709223;Авокадо;Овощи;2,00;50,0;calculated;14,70;8,53;160,0
2709225;Банан;Фрукты;0,82;20,5;calculated;3,21;32,40;161,0
2709226;Канталупа;Фрукты;0,82;20,5;calculated;0,18;8,16;38,0
2709878;Дыня;Фрукты;0,82;20,5;calculated;2,72;4,19;41,0
171715;Карамбола;Фрукты;1,04;37,0;original;0,33;6,73;31,0
2709234;Драгон фрукт;Овощи;0,68;17,0;calculated;0,21;16,20;68,0
174683;Виноград;Фрукты;0,72;19,0;original;0,16;18,10;69,0
2709238;Гуава;Фрукты;2,55;63,7;calculated;0,95;14,30;68,0
169087;Личи;Фрукты;3,80;95,0;calculated;1,20;70,70;277,0
2709241;Дыня;Фрукты;0,54;13,5;calculated;0,14;9,09;36,0
2709245;Нектарин;Фрукты;1,06;26,5;calculated;0,28;9,18;43,0
2709248;Маракуйя;Фрукты;2,20;55,0;calculated;0,70;23,40;97,0
2709267;Гранат;Фрукты;1,67;41,8;calculated;1,17;18,70;83,0
167758;Ревень;Фрукты;0,90;22,5;calculated;0,20;4,54;21,0
2709269;Тамаринд;Фрукты;2,80;70,0;calculated;0,60;62,50;239,0
167765;Арбуз;Ягоды;0,61;15,0;original;0,15;7,55;30,0
2709766;Артишок;Овощи;2,89;72,2;calculated;0,34;12,00;53,0
170391;Капуста китайская;Овощи;1,56;46,0;original;0,16;1,78;12,0
172232;Базилик;Другое;3,15;130,0;original;0,64;2,65;23,0
2709782;Кинза;Другое;2,13;63,9;calculated;0,52;3,67;23,0
2709783;Кукуруза;Овощи;3,27;81,8;calculated;1,35;18,70;86,0
170416;Петрушка;Овощи;2,97;145,0;original;0,79;6,33;36,0
169276;Редис;Овощи;0,68;36,0;original;0,10;3,40;16,0
2709805;Морские водоросли;Другое;3,51;87,8;calculated;0,49;7,94;41,0
170060;Репа;Овощи;1,53;30,0;original;0,24;4,35;23,0
2709870;Стручковая фасоль;Бобовые;1,45;65,2;calculated;2,71;6,25;50,0
170016;Горох;Бобовые;5,22;192,0;original;0,40;13,60;77,0
2710031;Брокколи;Овощи;2,35;58,8;calculated;0,17;4,54;23,0
2710268;Заменитель сахара;Сладости;0,80;24,0;calculated;0,00;12,00;51,0
2710269;Заменитель сахарин;Сладости;0,94;28,2;calculated;0,00;89,10;360,0
2710349;Шоколадные конфеты;Сладости;12,40;372,0;calculated;43,30;37,70;590,0
2710790;Картофель, приготовленный;Овощи;2,13;53,2;calculated;0,30;17,40;81,0
2710794;Сладкий картофель, приготовленный;Овощи;1,65;41,2;calculated;0,40;18,00;82,0
169813;Лосось;Рыба и морепродукты;60,60;3030,0;calculated;11,40;0,00;345,0
167749;Цедра лимона;Фрукты;1,50;37,5;calculated;0,30;16,00;47,0
168162;Сливы;Фрукты;2,18;52,0;original;0,38;63,90;240,0
167754;Поммело;Фрукты;0,76;19,0;calculated;0,04;9,62;38,0
167763;Тамаринды;Фрукты;2,80;70,0;calculated;0,60;62,50;239,0
167781;Цукаты;Фрукты;0,34;8,5;calculated;0,07;82,70;322,0
173691;Рыба нерка;Рыба и морепродукты;22,20;913,0;original;4,69;0,00;131,0
168046;Рыба кета;Рыба и морепродукты;20,70;840,0;original;3,67;0,00;116,0
168052;Рыба сиг;Яйца;62,40;2340,0;original;13,40;0,00;371,0
168999;Черноплодная рябина;Ягоды;3,04;91,2;calculated;1,69;33,60;162,0
168059;Форель;Рыба и морепродукты;77,30;3865,0;calculated;8,06;0,00;382,0
168163;Айва;Фрукты;0,40;10,0;calculated;0,10;15,30;57,0
168191;Финики;Фрукты;1,81;48,0;original;0,15;75,00;277,0
168192;Дуриан;Фрукты;1,47;36,8;calculated;5,33;27,10;147,0
168194;Ананас;Фрукты;0,53;13,2;calculated;0,11;13,50;51,0
168195;Клементины;Фрукты;0,85;21,2;calculated;0,15;12,00;47,0
168211;Киви;Фрукты;1,02;25,5;calculated;0,28;15,80;63,0
168422;Грибы лисички;Грибы;1,49;37,2;calculated;0,53;6,86;32,0
168423;Грибы сморчки;Грибы;3,12;78,0;calculated;0,57;5,10;31,0
168431;Салат-латук лист;Овощи;1,33;67,0;original;0,22;2,26;13,0
168446;Картофельная мука;Крупы и макароны;6,90;316,0;original;0,34;83,10;357,0
169272;Листья тыквы;Овощи;3,15;171,0;original;0,40;2,33;19,0
168448;Тыква;Овощи;1,00;32,0;original;0,10;6,50;26,0
168464;Кабачок;Овощи;1,01;33,0;original;0,27;3,88;19,0
168482;Сладкий картофель;Овощи;1,57;89,0;original;0,05;20,10;86,0
168575;Виноградные листья;Овощи;5,60;140,0;calculated;2,12;17,30;93,0
168577;Перец чили;Овощи;0,72;22,0;original;0,27;4,60;21,0
168578;Перец венгерский;Овощи;0,80;25,0;original;0,41;6,70;29,0
168579;Перец пасилья;Овощи;12,40;310,0;calculated;15,80;51,10;345,0
168583;Васаби корень;Овощи;4,80;120,0;calculated;0,63;23,50;109,0
168595;Масло подсолнечное;Другое;17,30;942,0;original;55,20;23,30;617,0
168871;Пшено;Крупы и макароны;3,51;185,0;original;1,00;23,70;119,0
168872;Овсяные отруби;Крупы и макароны;17,30;908,0;original;7,03;66,20;246,0
169706;Рис среднезернистый;Крупы и макароны;7,50;387,0;original;2,68;76,20;362,0
169703;Рис длиннозерный;Крупы и макароны;7,54;410,0;original;3,20;76,20;367,0
168881;Рис короткозерный обогащённый;Крупы и макароны;6,50;348,0;original;0,52;79,20;358,0
168882;Рис короткозерный;Крупы и макароны;2,36;126,0;original;0,19;28,70;130,0
168883;Рис клейкий необогащенный;Крупы и макароны;6,81;364,0;original;0,55;81,70;370,0
168884;Ржаное зерно;Крупы и макароны;10,30;435,0;original;1,63;75,90;338,0
168885;Мука ржаная темная;Крупы и макароны;15,90;646,0;original;2,22;68,60;325,0
168886;Мука ржаная;Крупы и макароны;10,90;488,0;original;1,52;75,40;349,0
168887;Мука ржаная светлая;Крупы и макароны;9,82;445,0;original;1,33;76,70;357,0
168893;Мука пшеничная;Крупы и макароны;13,20;682,0;original;2,50;72,00;340,0
168898;Рисовая мука;Крупы и макароны;7,23;373,0;original;2,78;76,50;363,0
168911;Спагетти шпинат;Крупы и макароны;13,40;642,0;original;1,57;74,80;372,0
169731;Лапша яичная;Яйца;14,20;748,0;original;4,44;71,30;384,0
168998;Шиповник;Другое;1,60;48,0;calculated;0,34;38,20;162,0
169097;Апельсины;Фрукты;0,94;31,0;original;0,12;11,80;47,0
169103;Апельсиновая цедра;Фрукты;1,50;37,5;calculated;0,20;25,00;97,0
169105;Мандарины;Фрукты;0,81;18,0;original;0,31;13,30;53,0
169382;Грибы эноки;Грибы;2,66;150,0;original;0,29;7,81;37,0
169403;Грибы майтаке;Грибы;1,94;60,0;original;0,19;6,97;31,0
169406;Кунжутное масло;Орехи и семена;18,00;951,0;original;56,40;17,90;607,0
169412;Семена кунжута;Орехи и семена;20,40;940,0;original;61,20;11,70;631,0
169414;Семена льняные;Орехи и семена;18,30;957,0;original;42,20;28,90;534,0
169415;Семена тыквы кабачков;Орехи и семена;29,80;1710,0;original;49,00;14,70;574,0
169417;Семена подсолнечника;Орехи и семена;19,30;992,0;original;49,80;15,30;546,0
169420;Орехи миндаль;Орехи и семена;21,40;963,0;calculated;55,90;17,90;607,0
169422;Орехи кешью обжаренные;Орехи и семена;16,80;879,0;original;47,80;30,20;581,0
169424;Орехи пекан;Орехи и семена;9,50;441,0;original;74,30;13,60;710,0
169715;Крупа манная;Крупы и макароны;12,70;616,0;original;1,05;72,80;360,0
169716;Сорго;Крупы и макароны;10,60;546,0;original;3,46;72,10;329,0
169889;Редис;Овощи;1,10;27,5;calculated;0,30;5,20;28,0
169890;Капуста по-японски;Овощи;1,60;40,0;calculated;0,10;5,67;30,0
169993;Корни цикория;Овощи;1,40;35,0;calculated;0,20;17,50;72,0
170101;Лук репчатый;Овощи;0,77;20,0;original;0,10;6,00;26,0
170148;Семена конопли;Орехи и семена;31,60;1450,0;original;48,80;8,67;553,0
170150;Семена кунжута;Орехи и семена;17,70;940,0;original;49,70;23,40;573,0
170560;Кунжутная мука;Крупы и макароны;50,10;2660,0;original;1,75;35,50;333,0
170156;Мука подсолнечника;Крупы и макароны;48,10;2470,0;original;1,61;35,80;326,0
170565;Орехи желуди;Орехи и семена;8,10;354,0;original;31,40;53,70;509,0
170158;Орехи миндаль обжаренные;Орехи и семена;21,00;1120,0;original;52,50;21,00;598,0
170161;Орехи буковые;Орехи и семена;6,20;262,0;original;50,00;33,50;576,0
170576;Орехи каштаны;Орехи и семена;6,39;270,0;original;4,45;77,30;374,0
170175;Орехи гинкго;Орехи и семена;10,40;408,0;original;2,00;72,40;348,0
170186;Орехи грецкие;Орехи и семена;24,10;1090,0;original;59,30;9,58;619,0
170487;Кабачки летние;Овощи;1,21;41,0;original;0,18;3,35;16,0
170566;Желудевая мука;Орехи и семена;7,49;328,0;original;30,20;54,60;501,0
170917;Специи лавровый лист;Другое;7,61;228,3;calculated;8,36;75,00;313,0
170918;Специи тмин;Другое;19,80;867,0;original;14,60;49,90;333,0
170919;Специи кардамон;Другое;10,80;324,0;calculated;6,70;68,50;311,0
170920;Специи сельдерея;Овощи;18,10;452,5;calculated;25,30;41,40;392,0
170921;Специи лист кориандра;Другое;21,90;657,0;calculated;4,78;52,10;279,0
170922;Специи кориандра;Другое;12,40;372,0;calculated;17,80;55,00;298,0
170923;Специи тмина;Другое;17,80;534,0;calculated;22,30;44,20;375,0
170925;Специи укропа;Другое;16,00;670,0;original;14,50;55,20;305,0
170926;Специи имбирь;Другое;8,98;311,0;original;4,24;71,60;335,0
170927;Специи мацис;Другое;6,71;201,3;calculated;32,40;50,50;475,0
170928;Специи майоран;Другое;12,70;381,0;calculated;7,04;60,60;271,0
170929;Специи горчицы;Другое;26,10;1170,0;original;36,20;28,10;508,0
170930;Специи петрушка;Другое;26,60;1710,0;original;5,48;50,60;292,0
170931;Специи перец;Овощи;10,40;446,0;original;3,26;64,00;251,0
170932;Специи перец кайенский;Овощи;12,00;300,0;calculated;17,30;56,60;318,0
170934;Специи шафран;Другое;11,40;342,0;calculated;5,85;65,40;310,0
170935;Специи шалфей;Другое;10,60;318,0;calculated;12,80;60,70;315,0
170936;Специи чабер;Другое;6,73;201,9;calculated;5,91;68,70;272,0
170937;Специи эстрагон;Другое;22,80;684,0;calculated;7,24;50,20;295,0
170938;Специи тимьян;Другое;9,11;273,3;calculated;7,43;63,90;276,0
170939;Горох;Бобовые;3,27;147,2;calculated;0,43;8,36;50,0
170941;Шпинат;Овощи;2,50;96,0;original;1,30;5,70;37,0
171240;Сыр гетост;Сыры;9,65;540,0;original;29,50;42,60;466,0
171241;Сыр гауда;Сыры;24,90;1430,0;original;27,40;2,22;356,0
171246;Сыр невшатель;Сыры;9,15;448,0;original;22,80;3,59;253,0
171249;Сыр романо;Сыры;31,80;1710,0;original;26,90;3,63;387,0
171250;Сыр рокфор;Сыры;21,50;1020,0;original;30,60;2,00;369,0
171278;Молоко козье;Молочные продукты;3,56;155,0;original;4,14;4,45;69,0
171279;Молоко человеческое;Молочные продукты;1,03;46,0;original;4,38;6,89;70,0
171315;Специи перец душистый;Другое;6,09;182,7;calculated;8,69;72,10;263,0
171317;Специи базилик;Другое;23,00;1250,0;original;4,07;47,80;233,0
171318;Специи кервель;Другое;23,20;696,0;calculated;3,90;49,10;237,0
171319;Специи чили;Другое;13,50;370,0;original;14,30;49,70;282,0
171320;Специи корица;Другое;3,99;146,0;original;1,24;80,60;247,0
171321;Специи гвоздика;Другое;5,97;230,0;original;13,00;65,50;274,0
171322;Специи укроп;Другое;20,00;600,0;calculated;4,36;55,80;253,0
171323;Специи фенхеля;Другое;15,80;647,0;original;14,90;52,30;345,0
171324;Специи пажитника;Другое;23,00;1090,0;original;6,41;58,40;323,0
171325;Специи чесночный;Овощи;16,60;525,0;original;0,73;72,70;331,0
171326;Специи мускатный орех;Орехи и семена;5,84;262,8;calculated;36,30;49,30;525,0
171327;Специи луковый;Овощи;10,40;280,0;original;1,04;79,10;341,0
171328;Специи орегано;Другое;9,00;449,0;original;4,28;68,90;265,0
171329;Специи паприка;Другое;14,10;610,0;original;12,90;54,00;282,0
171330;Специи мак;Другое;18,00;758,0;original;41,60;28,10;525,0
171333;Специи розмарин;Другое;4,88;146,4;calculated;15,20;64,10;331,0
171336;Персики;Фрукты;0,94;23,5;calculated;0,33;14,50;65,0
171686;Ацерола;Фрукты;0,40;10,0;calculated;0,30;7,69;32,0
173940;Абрикосы;Фрукты;1,93;80,0;original;0,24;32,60;126,0
171705;Авокадо;Овощи;2,00;97,0;original;14,70;8,53;160,0
171727;Ягоды бузины;Ягоды;0,66;40,0;original;0,50;18,40;73,0
171948;Рыба окунь полосатая;Рыба и морепродукты;17,70;692,0;original;2,33;0,00;97,0
171949;Рыба луфарь;Рыба и морепродукты;20,00;782,0;original;4,24;0,00;124,0
171950;Рыба налим;Рыба и морепродукты;19,30;754,0;original;0,81;0,00;90,0
171955;Рыба треска атлантическая;Рыба и морепродукты;17,80;695,0;original;0,67;0,00;82,0
172189;Яйцо утиное;Яйца;12,80;840,0;original;13,80;1,45;185,0
172190;Яйцо гусиное;Яйца;13,90;910,0;original;13,30;1,35;185,0
172192;Яйцо индейки;Яйца;13,70;773,0;original;11,90;1,15;171,0
173030;Крыжовник;Ягоды;0,88;22,0;calculated;0,58;10,20;44,0
173032;Ягоды годжи;Ягоды;14,30;271,0;original;0,39;77,10;349,0
173043;Земляника;Ягоды;1,90;47,5;calculated;0,70;11,20;53,0
173044;Гуава;Фрукты;2,55;6,0;original;0,95;14,30;68,0
173435;Сыр козий мягкий;Сыры;18,50;737,0;original;21,10;0,00;264,0
173439;Сыр чеддер колби;Сыры;24,40;1180,0;original;7,00;1,91;173,0
173442;Сметана;Молочные продукты;7,00;350,0;calculated;14,10;7,00;181,0
173470;Тимьян;Другое;5,56;166,8;calculated;1,68;24,40;101,0
173471;Экстракт ванили;Другое;0,06;1,8;calculated;0,06;12,60;288,0
173472;Хрен;Другое;1,18;35,4;calculated;0,69;11,30;48,0
173473;Розмарин;Другое;3,31;169,0;original;5,86;20,70;131,0
173475;Мята;Другое;3,29;168,0;original;0,73;8,41;44,0
173668;Рыба сельдь;Рыба и морепродукты;24,60;960,0;original;12,40;0,00;217,0
173670;Рыба линь;Рыба и морепродукты;19,00;741,0;original;0,64;0,00;87,0
173673;Рыба скумбрия;Рыба и морепродукты;19,30;753,0;original;6,30;0,00;139,0
173674;Рыба скумбрия испанская жар;Рыба и морепродукты;23,60;921,0;original;6,32;0,00;158,0
173698;Рыба окунь;Рыба и морепродукты;20,50;801,0;original;1,34;0,00;100,0
173686;Рыба лосось;Рыба и морепродукты;19,80;775,0;original;6,34;0,00;142,0
173701;Рыба осетр;Рыба и морепродукты;16,10;630,0;original;4,04;0,00;105,0
173702;Рыба сурими;Рыба и морепродукты;15,20;595,0;original;0,90;6,85;99,0
173706;Рыба тунец;Рыба и морепродукты;23,30;911,0;original;4,90;0,00;144,0
173717;Рыба форель;Рыба и морепродукты;19,90;815,0;original;6,18;0,00;141,0
174265;Арахисовое масло;Другое;24,10;1180,0;original;49,90;21,60;589,0
174273;Мука соевая;Крупы и макароны;37,80;1800,0;original;20,60;31,90;434,0
174906;Хлеб банановый;Хлеб и выпечка;4,30;218,0;original;10,50;54,60;326,0
174908;Хлеб кукурузный;Хлеб и выпечка;7,00;343,0;original;12,20;69,50;418,0
